{
    "name": "root",
    "gauges": {
        "EscapeArtist.Policy.Entropy.mean": {
            "value": -0.819866418838501,
            "min": -0.8209437131881714,
            "max": -0.789888322353363,
            "count": 116
        },
        "EscapeArtist.Policy.Entropy.sum": {
            "value": -3974.71240234375,
            "min": -4855.9443359375,
            "max": -1617.6912841796875,
            "count": 116
        },
        "EscapeArtist.Step.mean": {
            "value": 44084772.0,
            "min": 43509984.0,
            "max": 44084772.0,
            "count": 116
        },
        "EscapeArtist.Step.sum": {
            "value": 44084772.0,
            "min": 43509984.0,
            "max": 44084772.0,
            "count": 116
        },
        "EscapeArtist.Policy.ExtrinsicValueEstimate.mean": {
            "value": -0.00792692881077528,
            "min": -4.5533366203308105,
            "max": 0.6389290690422058,
            "count": 116
        },
        "EscapeArtist.Policy.ExtrinsicValueEstimate.sum": {
            "value": -0.15061163902282715,
            "min": -86.51339721679688,
            "max": 12.139652252197266,
            "count": 116
        },
        "EscapeArtist.IsTraining.mean": {
            "value": 1.0,
            "min": 1.0,
            "max": 1.0,
            "count": 116
        },
        "EscapeArtist.IsTraining.sum": {
            "value": 1.0,
            "min": 1.0,
            "max": 1.0,
            "count": 116
        },
        "EscapeArtist.Losses.PolicyLoss.mean": {
            "value": 0.06432386841761933,
            "min": 0.053995124914570515,
            "max": 0.08452362597502845,
            "count": 115
        },
        "EscapeArtist.Losses.PolicyLoss.sum": {
            "value": 0.12864773683523867,
            "min": 0.05950821146332458,
            "max": 0.15265426292835083,
            "count": 115
        },
        "EscapeArtist.Losses.ValueLoss.mean": {
            "value": 0.001858221349952966,
            "min": 0.0009369346476958919,
            "max": 2.903298310793004,
            "count": 115
        },
        "EscapeArtist.Losses.ValueLoss.sum": {
            "value": 0.003716442699905932,
            "min": 0.0009369346476958919,
            "max": 5.806596621586008,
            "count": 115
        },
        "EscapeArtist.Policy.LearningRate.mean": {
            "value": 9.55917448082596e-05,
            "min": 9.55917448082596e-05,
            "max": 9.564851955148479e-05,
            "count": 115
        },
        "EscapeArtist.Policy.LearningRate.sum": {
            "value": 0.0001911834896165192,
            "min": 9.559239760760681e-05,
            "max": 0.00019128952351048526,
            "count": 115
        },
        "EscapeArtist.Policy.Epsilon.mean": {
            "value": 0.1955917404000001,
            "min": 0.1955917404000001,
            "max": 0.1956485152,
            "count": 115
        },
        "EscapeArtist.Policy.Epsilon.sum": {
            "value": 0.3911834808000002,
            "min": 0.19559239319999996,
            "max": 0.39128951480000007,
            "count": 115
        },
        "EscapeArtist.Policy.Beta.mean": {
            "value": 0.00047839952796000006,
            "min": 0.00047839952796000006,
            "max": 0.00047867772447999997,
            "count": 115
        },
        "EscapeArtist.Policy.Beta.sum": {
            "value": 0.0009567990559200001,
            "min": 0.0004784027266799999,
            "max": 0.0009573186225200001,
            "count": 115
        },
        "EscapeArtist.Environment.EpisodeLength.mean": {
            "value": 6002.0,
            "min": 290.5,
            "max": 7999.0,
            "count": 67
        },
        "EscapeArtist.Environment.EpisodeLength.sum": {
            "value": 24008.0,
            "min": 581.0,
            "max": 24008.0,
            "count": 67
        },
        "EscapeArtist.Environment.CumulativeReward.mean": {
            "value": -6.5,
            "min": -277.25,
            "max": 44.915061712265015,
            "count": 66
        },
        "EscapeArtist.Environment.CumulativeReward.sum": {
            "value": -26.0,
            "min": -554.5,
            "max": 89.83012342453003,
            "count": 66
        },
        "EscapeArtist.Policy.ExtrinsicReward.mean": {
            "value": -6.5,
            "min": -277.25,
            "max": 44.915061712265015,
            "count": 66
        },
        "EscapeArtist.Policy.ExtrinsicReward.sum": {
            "value": -26.0,
            "min": -554.5,
            "max": 89.83012342453003,
            "count": 66
        }
    },
    "metadata": {
        "timer_format_version": "0.1.0",
        "start_time_seconds": "1729458463",
        "python_version": "3.10.12 | packaged by Anaconda, Inc. | (main, Jul  5 2023, 19:01:18) [MSC v.1916 64 bit (AMD64)]",
        "command_line_arguments": "C:\\Users\\jmhern0818\\.conda\\envs\\mlagents\\Scripts\\mlagents-learn config.yaml --run-id=escaperoom --resume",
        "mlagents_version": "1.1.0.dev0",
        "mlagents_envs_version": "1.1.0.dev0",
        "communication_protocol_version": "1.5.0",
        "pytorch_version": "2.4.1+cpu",
        "numpy_version": "1.23.5",
        "end_time_seconds": "1729458713"
    },
    "total": 249.8216761000076,
    "count": 1,
    "self": 0.003475700010312721,
    "children": {
        "run_training.setup": {
            "total": 0.050558100003399886,
            "count": 1,
            "self": 0.050558100003399886
        },
        "TrainerController.start_learning": {
            "total": 249.7676422999939,
            "count": 1,
            "self": 0.6004410011810251,
            "children": {
                "TrainerController._reset_env": {
                    "total": 3.808304299993324,
                    "count": 1,
                    "self": 3.808304299993324
                },
                "TrainerController.advance": {
                    "total": 245.3201046988106,
                    "count": 72672,
                    "self": 0.5731007989088539,
                    "children": {
                        "env_step": {
                            "total": 148.84473530079413,
                            "count": 72672,
                            "self": 120.45036230214464,
                            "children": {
                                "SubprocessEnvManager._take_step": {
                                    "total": 27.973241801038967,
                                    "count": 72672,
                                    "self": 1.8635010012512794,
                                    "children": {
                                        "TorchPolicy.evaluate": {
                                            "total": 26.109740799787687,
                                            "count": 72672,
                                            "self": 26.109740799787687
                                        }
                                    }
                                },
                                "workers": {
                                    "total": 0.42113119761052076,
                                    "count": 72672,
                                    "self": 0.0,
                                    "children": {
                                        "worker_root": {
                                            "total": 245.03398500045296,
                                            "count": 72672,
                                            "is_parallel": true,
                                            "self": 160.59078359500563,
                                            "children": {
                                                "steps_from_proto": {
                                                    "total": 0.00018990000535268337,
                                                    "count": 1,