{
    "name": "root",
    "gauges": {
        "EscapeArtist.Policy.Entropy.mean": {
            "value": 1.4128360748291016,
            "min": 1.4128360748291016,
            "max": 1.4128360748291016,
            "count": 1
        },
        "EscapeArtist.Policy.Entropy.sum": {
            "value": 5840.66455078125,
            "min": 5840.66455078125,
            "max": 5840.66455078125,
            "count": 1
        },
        "EscapeArtist.Environment.LessonNumber.difficulty.mean": {
            "value": 0.0,
            "min": 0.0,
            "max": 0.0,
            "count": 1
        },
        "EscapeArtist.Environment.LessonNumber.difficulty.sum": {
            "value": 0.0,
            "min": 0.0,
            "max": 0.0,
            "count": 1
        },
        "EscapeArtist.Step.mean": {
            "value": 674824.0,
            "min": 674824.0,
            "max": 674824.0,
            "count": 1
        },
        "EscapeArtist.Step.sum": {
            "value": 674824.0,
            "min": 674824.0,
            "max": 674824.0,
            "count": 1
        },
        "EscapeArtist.Policy.ExtrinsicBaselineEstimate.mean": {
            "value": 0.9412618279457092,
            "min": 0.9412618279457092,
            "max": 0.9412618279457092,
            "count": 1
        },
        "EscapeArtist.Policy.ExtrinsicBaselineEstimate.sum": {
            "value": 6.588832855224609,
            "min": 6.588832855224609,
            "max": 6.588832855224609,
            "count": 1
        },
        "EscapeArtist.Policy.ExtrinsicValueEstimate.mean": {
            "value": 0.9412618279457092,
            "min": 0.9412618279457092,
            "max": 0.9412618279457092,
            "count": 1
        },
        "EscapeArtist.Policy.ExtrinsicValueEstimate.sum": {
            "value": 6.588832855224609,
            "min": 6.588832855224609,
            "max": 6.588832855224609,
            "count": 1
        },
        "EscapeArtist.IsTraining.mean": {
            "value": 1.0,
            "min": 1.0,
            "max": 1.0,
            "count": 1
        },
        "EscapeArtist.IsTraining.sum": {
            "value": 1.0,
            "min": 1.0,
            "max": 1.0,
            "count": 1
        }
    },
    "metadata": {
        "timer_format_version": "0.1.0",
        "start_time_seconds": "1733810671",
        "python_version": "3.8.20 (default, Oct  3 2024, 15:19:54) [MSC v.1929 64 bit (AMD64)]",
        "command_line_arguments": "C:\\Users\\jmhern0818\\.conda\\envs\\mlagents_cpu\\Scripts\\mlagents-learn config.yaml --run-id=EscapeRoomPOCACurriculum_run1 --resume",
        "mlagents_version": "0.30.0",
        "mlagents_envs_version": "0.30.0",
        "communication_protocol_version": "1.5.0",
        "pytorch_version": "2.4.1+cpu",
        "numpy_version": "1.21.2",
        "end_time_seconds": "1733810723"
    },
    "total": 52.185496300000004,
    "count": 1,
    "self": 0.003804000000002361,
    "children": {
        "run_training.setup": {
            "total": 0.046773900000000035,
            "count": 1,
            "self": 0.046773900000000035
        },
        "TrainerController.start_learning": {
            "total": 52.134918400000004,
            "count": 1,
            "self": 0.04206920000001446,
            "children": {
                "TrainerController._reset_env": {
                    "total": 5.9941139,
                    "count": 1,
                    "self": 5.9941139
                },
                "TrainerController.advance": {
                    "total": 45.99791309999999,
                    "count": 3288,
                    "self": 0.03308109999998976,
                    "children": {
                        "env_step": {
                            "total": 45.964832,
                            "count": 3288,
                            "self": 43.88802260000013,
                            "children": {
                                "SubprocessEnvManager._take_step": {
                                    "total": 2.0558710999999468,
                                    "count": 3288,
                                    "self": 0.09614579999999062,
                                    "children": {
                                        "TorchPolicy.evaluate": {
                                            "total": 1.9597252999999561,
                                            "count": 3288,
                                            "self": 1.9597252999999561
                                        }
                                    }
                                },
                                "workers": {
                                    "total": 0.0209382999999308,
                                    "count": 3287,
                                    "self": 0.0,
                                    "children": {
                                        "worker_root": {
                                            "total": 10.744628400000018,
                                            "count": 3287,
                                            "is_parallel": true,
                                            "self": 4.2799205,
                                            "children": {
                                                "steps_from_proto": {
                                                    "total": 0.0002862999999999616,
                                                    "count": 1,
                                                    "is_parallel": true,
                                                    "self": 7.019999999968718e-05,
                                                    "children": {
                                                        "_process_rank_one_or_two_observation": {
                                                            "total": 0.0002161000000002744,
                                                            "count": 4,
                                                            "is_parallel": true,
                                                            "self": 0.0002161000000002744
                                                        }
                                                    }
                                                },
                                                "UnityEnvironment.step": {
                                                    "total": 6.464421600000017,
                                                    "count": 3287,
                                                    "is_parallel": true,
                                                    "self": 0.15331179999994227,
                                                    "children": {
                                                        "UnityEnvironment._generate_step_input": {
                                                            "total": 0.10812509999999698,
                                                            "count": 3287,
                                                            "is_parallel": true,
                                                            "self": 0.10812509999999698
                                                        },
                                                        "communicator.exchange": {
                                                            "total": 5.774558000000004,
                                                            "count": 3287,
                                                            "is_parallel": true,
                                                            "self": 5.774558000000004
                                                        },
                                                        "steps_from_proto": {
                                                            "total": 0.4284267000000739,
                                                            "count": 3287,