{
    "name": "root",
    "gauges": {
        "EscapeArtist.Policy.Entropy.mean": {
            "value": 0.8681731224060059,
            "min": 0.8681731224060059,
            "max": 0.9055426120758057,
            "count": 64
        },
        "EscapeArtist.Policy.Entropy.sum": {
            "value": 4396.4287109375,
            "min": 1854.55126953125,
            "max": 5489.70166015625,
            "count": 64
        },
        "EscapeArtist.Step.mean": {
            "value": 2709806.0,
            "min": 2394901.0,
            "max": 2709806.0,
            "count": 64
        },
        "EscapeArtist.Step.sum": {
            "value": 2709806.0,
            "min": 2394901.0,
            "max": 2709806.0,
            "count": 64
        },
        "EscapeArtist.Policy.ExtrinsicValueEstimate.mean": {
            "value": -0.33762693405151367,
            "min": -3.9517083168029785,
            "max": 0.5770887732505798,
            "count": 64
        },
        "EscapeArtist.Policy.ExtrinsicValueEstimate.sum": {
            "value": -7.427792549133301,
            "min": -75.08245849609375,
            "max": 12.118864059448242,
            "count": 64
        },
        "EscapeArtist.IsTraining.mean": {
            "value": 1.0,
            "min": 1.0,
            "max": 1.0,
            "count": 64
        },
        "EscapeArtist.IsTraining.sum": {
            "value": 1.0,
            "min": 1.0,
            "max": 1.0,
            "count": 64
        },
        "EscapeArtist.Environment.EpisodeLength.mean": {
            "value": 811.0,
            "min": 242.66666666666666,
            "max": 7999.0,
            "count": 53
        },
        "EscapeArtist.Environment.EpisodeLength.sum": {
            "value": 3244.0,
            "min": 728.0,
            "max": 15364.0,
            "count": 53
        },
        "EscapeArtist.Environment.CumulativeReward.mean": {
            "value": -1.2400000005960465,
            "min": -818.0,
            "max": 2.075787030160427,
            "count": 55
        },
        "EscapeArtist.Environment.CumulativeReward.sum": {
            "value": -6.200000002980232,
            "min": -818.0,
            "max": 4.151574060320854,
            "count": 55
        },
        "EscapeArtist.Policy.ExtrinsicReward.mean": {
            "value": -1.2400000005960465,
            "min": -818.0,
            "max": 2.075787030160427,
            "count": 55
        },
        "EscapeArtist.Policy.ExtrinsicReward.sum": {
            "value": -6.200000002980232,
            "min": -818.0,
            "max": 4.151574060320854,
            "count": 55
        },
        "EscapeArtist.Losses.PolicyLoss.mean": {
            "value": 0.07344499670822795,
            "min": 0.05700256092229275,
            "max": 0.07837932090735947,
            "count": 63
        },
        "EscapeArtist.Losses.PolicyLoss.sum": {
            "value": 0.07344499670822795,
            "min": 0.05700256092229275,
            "max": 0.14634379452293025,
            "count": 63
        },
        "EscapeArtist.Losses.ValueLoss.mean": {
            "value": 0.02287935988958149,
            "min": 0.0005672436243770005,
            "max": 4.492370471358299,
            "count": 63
        },
        "EscapeArtist.Losses.ValueLoss.sum": {
            "value": 0.02287935988958149,
            "min": 0.0005672436243770005,
            "max": 7.083989901090759,
            "count": 63
        },
        "EscapeArtist.Policy.LearningRate.mean": {
            "value": 9.972921097078931e-05,
            "min": 9.972921097078931e-05,
            "max": 9.97602728397274e-05,
            "count": 63
        },
        "EscapeArtist.Policy.LearningRate.sum": {
            "value": 9.972921097078931e-05,
            "min": 9.972921097078931e-05,
            "max": 0.00019951754618245432,
            "count": 63
        },
        "EscapeArtist.Policy.Epsilon.mean": {
            "value": 0.19972921070000002,
            "min": 0.19972921070000002,
            "max": 0.19976027260000004,
            "count": 63
        },
        "EscapeArtist.Policy.Epsilon.sum": {
            "value": 0.19972921070000002,
            "min": 0.19972921070000002,
            "max": 0.3995175457,
            "count": 63
        },
        "EscapeArtist.Policy.Beta.mean": {
            "value": 0.0004986731324300001,
            "min": 0.0004986731324300001,
            "max": 0.0004988253357399999,
            "count": 63
        },
        "EscapeArtist.Policy.Beta.sum": {
            "value": 0.0004986731324300001,
            "min": 0.0004986731324300001,
            "max": 0.0009976359739300002,
            "count": 63
        }
    },
    "metadata": {
        "timer_format_version": "0.1.0",
        "start_time_seconds": "1729460012",
        "python_version": "3.10.12 | packaged by Anaconda, Inc. | (main, Jul  5 2023, 19:01:18) [MSC v.1916 64 bit (AMD64)]",
        "command_line_arguments": "C:\\Users\\jmhern0818\\.conda\\envs\\mlagents\\Scripts\\mlagents-learn config.yaml --run-id=escaperoom2 --resume",
        "mlagents_version": "1.1.0.dev0",
        "mlagents_envs_version": "1.1.0.dev0",
        "communication_protocol_version": "1.5.0",
        "pytorch_version": "2.4.1+cpu",
        "numpy_version": "1.23.5",
        "end_time_seconds": "1729460159"
    },
    "total": 146.9062927999912,
    "count": 1,
    "self": 0.0033811999892350286,
    "children": {
        "run_training.setup": {
            "total": 0.047365199992782436,
            "count": 1,
            "self": 0.047365199992782436
        },
        "TrainerController.start_learning": {
            "total": 146.8555464000092,
            "count": 1,
            "self": 0.338867000900791,
            "children": {
                "TrainerController._reset_env": {
                    "total": 4.090317299996968,
                    "count": 1,
                    "self": 4.090317299996968
                },
                "TrainerController.advance": {
                    "total": 142.3972732991242,
                    "count": 40084,
                    "self": 0.32559029644471593,
                    "children": {
                        "env_step": {
                            "total": 89.07697680185083,
                            "count": 40084,
                            "self": 73.73132420063484,
                            "children": {
                                "SubprocessEnvManager._take_step": {
                                    "total": 15.10633799993957,
                                    "count": 40084,
                                    "self": 1.042977700009942,
                                    "children": {
                                        "TorchPolicy.evaluate": {
                                            "total": 14.063360299929627,
                                            "count": 40084,
                                            "self": 14.063360299929627
                                        }
                                    }
                                },
                                "workers": {
                                    "total": 0.23931460127641913,
                                    "count": 40083,
                                    "self": 0.0,
                                    "children": {
                                        "worker_root": {
                                            "total": 138.8842052014952,
                                            "count": 40083,
                                            "is_parallel": true,
                                            "self": 89.07478990264644,
                                            "children": {
                                                "steps_from_proto": {
                                                    "total": 0.00019190000602975488,
                                                    "count": 1,