{
    "name": "root",
    "gauges": {
        "EscapeArtist.Policy.Entropy.mean": {
            "value": 0.8774791359901428,
            "min": 0.5877037644386292,
            "max": 1.3248655796051025,
            "count": 326
        },
        "EscapeArtist.Policy.Entropy.sum": {
            "value": 3972.34814453125,
            "min": 10.6764497756958,
            "max": 8777.001953125,
            "count": 326
        },
        "EscapeArtist.Step.mean": {
            "value": 3101956.0,
            "min": 2445876.0,
            "max": 3101956.0,
            "count": 329
        },
        "EscapeArtist.Step.sum": {
            "value": 3101956.0,
            "min": 2445876.0,
            "max": 3101956.0,
            "count": 329
        },
        "EscapeArtist.Policy.ExtrinsicValue.mean": {
            "value": -0.1132580041885376,
            "min": -0.16652332246303558,
            "max": 1.8580734729766846,
            "count": 329
        },
        "EscapeArtist.Policy.ExtrinsicValue.sum": {
            "value": -0.9060640335083008,
            "min": -1.3321865797042847,
            "max": 18.032852172851562,
            "count": 329
        },
        "EscapeArtist.IsTraining.mean": {
            "value": 1.0,
            "min": 1.0,
            "max": 1.0,
            "count": 329
        },
        "EscapeArtist.IsTraining.sum": {
            "value": 1.0,
            "min": 1.0,
            "max": 1.0,
            "count": 329
        },
        "EscapeArtist.Losses.PolicyLoss.mean": {
            "value": 0.04712964128269612,
            "min": -1.7373887788897022,
            "max": 0.04841503023078667,
            "count": 131
        },
        "EscapeArtist.Losses.PolicyLoss.sum": {
            "value": 23.282042793651886,
            "min": -889.5430547915275,
            "max": 24.788495478162776,
            "count": 131
        },
        "EscapeArtist.Losses.ValueLoss.mean": {
            "value": 0.00011056496403209209,
            "min": 3.521041749863208e-05,
            "max": 0.0320018814047135,
            "count": 131
        },
        "EscapeArtist.Losses.ValueLoss.sum": {
            "value": 0.054619092231853496,
            "min": 0.01760520874931604,
            "max": 4.192246464017469,
            "count": 131
        },
        "EscapeArtist.Losses.Q1Loss.mean": {
            "value": 0.0003077589769621298,
            "min": 0.0001565098042968299,
            "max": 0.0023238276432874425,
            "count": 131
        },
        "EscapeArtist.Losses.Q1Loss.sum": {
            "value": 0.15203293461929213,
            "min": 0.07919396097419593,
            "max": 0.7883183904728951,
            "count": 131
        },
        "EscapeArtist.Losses.Q2Loss.mean": {
            "value": 0.00029550452387842895,
            "min": 0.0001571129137606501,
            "max": 0.002329711208350398,
            "count": 131
        },
        "EscapeArtist.Losses.Q2Loss.sum": {
            "value": 0.1459792347959439,
            "min": 0.07949913436288895,
            "max": 0.7558355864013884,
            "count": 131
        },
        "EscapeArtist.Policy.ContinuousEntropyCoeff.mean": {
            "value": 0.00032013048461214855,
            "min": 0.00030325482564471685,
            "max": 0.1908297759670585,
            "count": 131
        },
        "EscapeArtist.Policy.ContinuousEntropyCoeff.sum": {
            "value": 0.15814445939840138,
            "min": 0.15526647073009503,
            "max": 72.18062297919072,
            "count": 131
        },
        "EscapeArtist.Policy.LearningRate.mean": {
            "value": 0.0002999999999999999,
            "min": 0.0002999999999999999,
            "max": 0.0003000000000000001,
            "count": 131
        },
        "EscapeArtist.Policy.LearningRate.sum": {
            "value": 0.14819999999999997,
            "min": 0.03930000000000001,
            "max": 0.15359999999999996,
            "count": 131
        },
        "EscapeArtist.Environment.EpisodeLength.mean": {
            "value": 4999.0,
            "min": 1299.0,
            "max": 4999.0,
            "count": 83
        },
        "EscapeArtist.Environment.EpisodeLength.sum": {
            "value": 4999.0,
            "min": 1299.0,
            "max": 32491.0,
            "count": 83
        },
        "EscapeArtist.Environment.CumulativeReward.mean": {
            "value": -20.9923763461411,
            "min": -43.727112889289856,
            "max": 1.2184650003910065,
            "count": 86
        },
        "EscapeArtist.Environment.CumulativeReward.sum": {
            "value": -20.9923763461411,
            "min": -182.0483484119177,
            "max": 1.2184650003910065,
            "count": 86
        },
        "EscapeArtist.Policy.ExtrinsicReward.mean": {
            "value": -20.9923763461411,
            "min": -43.727112889289856,
            "max": 1.2184650003910065,
            "count": 86
        },
        "EscapeArtist.Policy.ExtrinsicReward.sum": {
            "value": -20.9923763461411,
            "min": -182.0483484119177,
            "max": 1.2184650003910065,
            "count": 86
        }
    },
    "metadata": {
        "timer_format_version": "0.1.0",
        "start_time_seconds": "1732987854",
        "python_version": "3.10.12 | packaged by Anaconda, Inc. | (main, Jul  5 2023, 19:01:18) [MSC v.1916 64 bit (AMD64)]",
        "command_line_arguments": "C:\\Users\\alexi\\anaconda3\\envs\\mlagents\\Scripts\\mlagents-learn config.yaml --run-id=escaperoomfbsac2 --resume",
        "mlagents_version": "1.1.0",
        "mlagents_envs_version": "1.1.0",
        "communication_protocol_version": "1.5.0",
        "pytorch_version": "2.5.0+cpu",
        "numpy_version": "1.23.5",
        "end_time_seconds": "1732991874"
    },
    "total": 4019.7792004999937,
    "count": 1,
    "self": 0.0071570000145584345,
    "children": {
        "run_training.setup": {
            "total": 0.130182099994272,
            "count": 1,
            "self": 0.130182099994272
        },
        "TrainerController.start_learning": {
            "total": 4019.641861399985,
            "count": 1,
            "self": 2.8309922992484644,
            "children": {
                "TrainerController._reset_env": {
                    "total": 32.56286400000681,
                    "count": 1,
                    "self": 32.56286400000681
                },
                "TrainerController.advance": {
                    "total": 3984.1534398007207,
                    "count": 73072,
                    "self": 0.8529180990881287,
                    "children": {
                        "env_step": {
                            "total": 3983.3005217016325,
                            "count": 73072,
                            "self": 3816.898937296588,
                            "children": {
                                "SubprocessEnvManager._take_step": {
                                    "total": 165.5096596055664,
                                    "count": 73072,
                                    "self": 4.960728699603351,
                                    "children": {
                                        "TorchPolicy.evaluate": {
                                            "total": 160.54893090596306,
                                            "count": 73072,
                                            "self": 160.54893090596306
                                        }
                                    }
                                },
                                "workers": {
                                    "total": 0.8919247994781472,
                                    "count": 73072,
                                    "self": 0.0,
                                    "children": {
                                        "worker_root": {
                                            "total": 3961.9575888000545,