{
    "name": "root",
    "gauges": {
        "EscapeArtist.Policy.Entropy.mean": {
            "value": 1.4665011167526245,
            "min": 1.424981951713562,
            "max": 1.4665013551712036,
            "count": 224
        },
        "EscapeArtist.Policy.Entropy.sum": {
            "value": 9238.95703125,
            "min": 665.5587158203125,
            "max": 22921.55859375,
            "count": 224
        },
        "EscapeArtist.IsTraining.mean": {
            "value": 1.0,
            "min": 1.0,
            "max": 1.0,
            "count": 399
        },
        "EscapeArtist.IsTraining.sum": {
            "value": 1.0,
            "min": 1.0,
            "max": 1.0,
            "count": 399
        },
        "EscapeArtist.Step.mean": {
            "value": 1215440.0,
            "min": 224000.0,
            "max": 1215440.0,
            "count": 398
        },
        "EscapeArtist.Step.sum": {
            "value": 1215440.0,
            "min": 224000.0,
            "max": 1215440.0,
            "count": 398
        },
        "EscapeArtist.Policy.ExtrinsicValueEstimate.mean": {
            "value": 0.4716538190841675,
            "min": -0.24724365770816803,
            "max": 1.7791650295257568,
            "count": 398
        },
        "EscapeArtist.Policy.ExtrinsicValueEstimate.sum": {
            "value": 0.4716538190841675,
            "min": -0.24724365770816803,
            "max": 1.7791650295257568,
            "count": 398
        },
        "EscapeArtist.Environment.EpisodeLength.mean": {
            "value": 4999.0,
            "min": 447.0,
            "max": 4999.0,
            "count": 113
        },
        "EscapeArtist.Environment.EpisodeLength.sum": {
            "value": 4999.0,
            "min": 447.0,
            "max": 19996.0,
            "count": 113
        },
        "EscapeArtist.Environment.CumulativeReward.mean": {
            "value": 0.0,
            "min": 0.0,
            "max": 266.85691833496094,
            "count": 201
        },
        "EscapeArtist.Environment.CumulativeReward.sum": {
            "value": 0.0,
            "min": 0.0,
            "max": 266.85691833496094,
            "count": 201
        },
        "EscapeArtist.Policy.ExtrinsicReward.mean": {
            "value": 0.0,
            "min": 0.0,
            "max": 266.85691833496094,
            "count": 201
        },
        "EscapeArtist.Policy.ExtrinsicReward.sum": {
            "value": 0.0,
            "min": 0.0,
            "max": 266.85691833496094,
            "count": 201
        },
        "EscapeArtist.Losses.PolicyLoss.mean": {
            "value": 0.01114061758077393,
            "min": 0.009584457609216097,
            "max": 0.014381852294145911,
            "count": 25
        },
        "EscapeArtist.Losses.PolicyLoss.sum": {
            "value": 0.01114061758077393,
            "min": 0.009584457609216097,
            "max": 0.014381852294145911,
            "count": 25
        },
        "EscapeArtist.Losses.ValueLoss.mean": {
            "value": 0.01117328783341994,
            "min": 0.0015401447092665843,
            "max": 0.04318775333188198,
            "count": 25
        },
        "EscapeArtist.Losses.ValueLoss.sum": {
            "value": 0.01117328783341994,
            "min": 0.0015401447092665843,
            "max": 0.04318775333188198,
            "count": 25
        },
        "EscapeArtist.Policy.LearningRate.mean": {
            "value": 0.00029996371681209437,
            "min": 0.00029996371681209437,
            "max": 0.00029999232000256,
            "count": 25
        },
        "EscapeArtist.Policy.LearningRate.sum": {
            "value": 0.00029996371681209437,
            "min": 0.00029996371681209437,
            "max": 0.00029999232000256,
            "count": 25
        },
        "EscapeArtist.Policy.Epsilon.mean": {
            "value": 0.19998790560000002,
            "min": 0.19998790560000002,
            "max": 0.19999744000000005,
            "count": 25
        },
        "EscapeArtist.Policy.Epsilon.sum": {
            "value": 0.19998790560000002,
            "min": 0.19998790560000002,
            "max": 0.19999744000000005,
            "count": 25
        },
        "EscapeArtist.Policy.Beta.mean": {
            "value": 0.009998791769440001,
            "min": 0.009998791769440001,
            "max": 0.009999744256,
            "count": 25
        },
        "EscapeArtist.Policy.Beta.sum": {
            "value": 0.009998791769440001,
            "min": 0.009998791769440001,
            "max": 0.009999744256,
            "count": 25
        }
    },
    "metadata": {
        "timer_format_version": "0.1.0",
        "start_time_seconds": "1729485502",
        "python_version": "3.10.12 | packaged by Anaconda, Inc. | (main, Jul  5 2023, 19:01:18) [MSC v.1916 64 bit (AMD64)]",
        "command_line_arguments": "C:\\Users\\jmhern0818\\.conda\\envs\\mlagents\\Scripts\\mlagents-learn config.yaml --run-id=escaperoomrays --resume",
        "mlagents_version": "1.1.0.dev0",
        "mlagents_envs_version": "1.1.0.dev0",
        "communication_protocol_version": "1.5.0",
        "pytorch_version": "2.4.1+cpu",
        "numpy_version": "1.23.5",
        "end_time_seconds": "1729486345"
    },
    "total": 843.3611224000051,
    "count": 1,
    "self": 0.0033580000163055956,
    "children": {
        "run_training.setup": {
            "total": 0.05071969999698922,
            "count": 1,
            "self": 0.05071969999698922
        },
        "TrainerController.start_learning": {
            "total": 843.3070446999918,
            "count": 1,
            "self": 1.8757451974524884,
            "children": {
                "TrainerController._reset_env": {
                    "total": 8.025476800001343,
                    "count": 1,
                    "self": 8.025476800001343
                },
                "TrainerController.advance": {
                    "total": 833.3695562025387,
                    "count": 252053,
                    "self": 1.7304114989819936,
                    "children": {
                        "env_step": {
                            "total": 679.1279635043174,
                            "count": 252053,
                            "self": 586.5948455094331,
                            "children": {
                                "SubprocessEnvManager._take_step": {
                                    "total": 91.24930359827704,
                                    "count": 252053,
                                    "self": 5.674996396788629,
                                    "children": {
                                        "TorchPolicy.evaluate": {
                                            "total": 85.57430720148841,
                                            "count": 252053,
                                            "self": 85.57430720148841
                                        }
                                    }
                                },
                                "workers": {
                                    "total": 1.2838143966073403,
                                    "count": 252052,
                                    "self": 0.0,
                                    "children": {
                                        "worker_root": {
                                            "total": 832.6057984978543,
                                            "count": 252052,
                                            "is_parallel": true,
                                            "self": 349.01658609561855,
                                            "children": {
                                                "steps_from_proto": {
                                                    "total": 0.0002150999935111031,
                                                    "count": 1,
                                                    "is_parallel": true,