{
    "name": "root",
    "gauges": {
        "EscapeArtist.Policy.Entropy.mean": {
            "value": 1.4189385175704956,
            "min": 1.4189385175704956,
            "max": 1.4189386367797852,
            "count": 3
        },
        "EscapeArtist.Policy.Entropy.sum": {
            "value": 919.47216796875,
            "min": 919.47216796875,
            "max": 9399.048828125,
            "count": 3
        },
        "EscapeArtist.Step.mean": {
            "value": 5632.0,
            "min": 1536.0,
            "max": 5632.0,
            "count": 3
        },
        "EscapeArtist.Step.sum": {
            "value": 5632.0,
            "min": 1536.0,
            "max": 5632.0,
            "count": 3
        },
        "EscapeArtist.Policy.ExtrinsicBaselineEstimate.mean": {
            "value": -0.2481008768081665,
            "min": -0.298225462436676,
            "max": -0.2481008768081665,
            "count": 3
        },
        "EscapeArtist.Policy.ExtrinsicBaselineEstimate.sum": {
            "value": -0.992403507232666,
            "min": -1.192901849746704,
            "max": -0.7624287605285645,
            "count": 3
        },
        "EscapeArtist.Policy.ExtrinsicValueEstimate.mean": {
            "value": -0.2481008768081665,
            "min": -0.298225462436676,
            "max": -0.2481008768081665,
            "count": 3
        },
        "EscapeArtist.Policy.ExtrinsicValueEstimate.sum": {
            "value": -0.992403507232666,
            "min": -1.192901849746704,
            "max": -0.7624287605285645,
            "count": 3
        },
        "EscapeArtist.IsTraining.mean": {
            "value": 1.0,
            "min": 1.0,
            "max": 1.0,
            "count": 3
        },
        "EscapeArtist.IsTraining.sum": {
            "value": 1.0,
            "min": 1.0,
            "max": 1.0,
            "count": 3
        }
    },
    "metadata": {
        "timer_format_version": "0.1.0",
        "start_time_seconds": "1733207959",
        "python_version": "3.8.20 (default, Oct  3 2024, 15:19:54) [MSC v.1929 64 bit (AMD64)]",
        "command_line_arguments": "C:\\Users\\jmhern0818\\.conda\\envs\\mlagents_cpu\\Scripts\\mlagents-learn config.yaml --run-id=EscapeRoomPOCACPU --force",
        "mlagents_version": "0.30.0",
        "mlagents_envs_version": "0.30.0",
        "communication_protocol_version": "1.5.0",
        "pytorch_version": "2.4.1+cpu",
        "numpy_version": "1.21.2",
        "end_time_seconds": "1733207975"
    },
    "total": 15.6633059,
    "count": 1,
    "self": 0.00338520000000031,
    "children": {
        "run_training.setup": {
            "total": 0.0459786000000002,
            "count": 1,
            "self": 0.0459786000000002
        },
        "TrainerController.start_learning": {
            "total": 15.6139421,
            "count": 1,
            "self": 0.018659699999961532,
            "children": {
                "TrainerController._reset_env": {
                    "total": 5.1524451,
                    "count": 1,
                    "self": 5.1524451
                },
                "TrainerController.advance": {
                    "total": 10.34987270000004,
                    "count": 1409,
                    "self": 0.007395600000007718,
                    "children": {
                        "env_step": {
                            "total": 10.342477100000032,
                            "count": 1409,
                            "self": 8.339185000000054,
                            "children": {
                                "SubprocessEnvManager._take_step": {
                                    "total": 1.9943294000000131,
                                    "count": 1409,
                                    "self": 0.09256599999998905,
                                    "children": {
                                        "TorchPolicy.evaluate": {
                                            "total": 1.901763400000024,
                                            "count": 2818,
                                            "self": 1.901763400000024
                                        }
                                    }
                                },
                                "workers": {
                                    "total": 0.00896269999996413,
                                    "count": 1408,
                                    "self": 0.0,
                                    "children": {
                                        "worker_root": {
                                            "total": 10.803711700000038,
                                            "count": 1408,
                                            "is_parallel": true,
                                            "self": 3.6751831000000275,
                                            "children": {
                                                "steps_from_proto": {
                                                    "total": 0.00043170000000003483,
                                                    "count": 2,
                                                    "is_parallel": true,
                                                    "self": 0.00011330000000064899,
                                                    "children": {
                                                        "_process_rank_one_or_two_observation": {
                                                            "total": 0.00031839999999938584,
                                                            "count": 8,
                                                            "is_parallel": true,
                                                            "self": 0.00031839999999938584
                                                        }
                                                    }
                                                },
                                                "UnityEnvironment.step": {
                                                    "total": 7.128096900000011,
                                                    "count": 1408,
                                                    "is_parallel": true,
                                                    "self": 0.12995890000005872,
                                                    "children": {
                                                        "UnityEnvironment._generate_step_input": {
                                                            "total": 0.12433429999998591,
                                                            "count": 1408,
                                                            "is_parallel": true,
                                                            "self": 0.12433429999998591
                                                        },
                                                        "communicator.exchange": {
                                                            "total": 6.467681500000001,
                                                            "count": 1408,
                                                            "is_parallel": true,
                                                            "self": 6.467681500000001
                                                        },
                                                        "steps_from_proto": {
                                                            "total": 0.4061221999999649,
                                                            "count": 2816,
                                                            "is_parallel": true,
                                                            "self": 0.11555420000002048,