{
    "name": "root",
    "metadata": {
        "timer_format_version": "0.1.0",
        "start_time_seconds": "1733205605",
        "python_version": "3.10.12 | packaged by Anaconda, Inc. | (main, Jul  5 2023, 19:01:18) [MSC v.1916 64 bit (AMD64)]",
        "command_line_arguments": "C:\\Users\\jmhern0818\\.conda\\envs\\mlagents\\Scripts\\mlagents-learn config.yaml --run-id=EscapeRoomMultiAgentPOCA_GPU --force",
        "mlagents_version": "1.1.0.dev0",
        "mlagents_envs_version": "1.1.0.dev0",
        "communication_protocol_version": "1.5.0",
        "pytorch_version": "2.5.1+cu118",
        "numpy_version": "1.23.5",
        "end_time_seconds": "1733205616"
    },
    "total": 10.69949909998104,
    "count": 1,
    "self": 0.00489370001014322,
    "children": {
        "run_training.setup": {
            "total": 0.047155699925497174,
            "count": 1,
            "self": 0.047155699925497174
        },
        "TrainerController.start_learning": {
            "total": 10.6474497000454,
            "count": 1,
            "self": 8.510006591677666e-05,
            "children": {
                "TrainerController._reset_env": {
                    "total": 10.624377000029199,
                    "count": 1,
                    "self": 10.624377000029199
                },
                "TrainerController.advance": {
                    "total": 0.0004360999446362257,
                    "count": 1,
                    "self": 3.7999125197529793e-06,
                    "children": {
                        "env_step": {
                            "total": 0.0004323000321164727,
                            "count": 1,
                            "self": 0.00011819996871054173,
                            "children": {
                                "SubprocessEnvManager._take_step": {
                                    "total": 0.000314100063405931,
                                    "count": 1,
                                    "self": 1.070008147507906e-05,
                                    "children": {
                                        "TorchPolicy.evaluate": {
                                            "total": 0.00030339998193085194,
                                            "count": 1,
                                            "self": 0.00030339998193085194
                                        }
                                    }
                                }
                            }
                        }
                    }
                },
                "TrainerController._save_models": {
                    "total": 0.02255150000564754,
                    "count": 1,
                    "self": 1.71000137925148e-05,
                    "children": {
                        "RLTrainer._checkpoint": {
                            "total": 0.022534399991855025,
                            "count": 1,
                            "self": 0.022534399991855025
                        }
                    }
                }
            }
        }
    }
}