{
    "name": "root",
    "gauges": {
        "EscapeArtist.Policy.Entropy.mean": {
            "value": 1.1905126571655273,
            "min": 1.1871596574783325,
            "max": 1.1905126571655273,
            "count": 41
        },
        "EscapeArtist.Policy.Entropy.sum": {
            "value": 29015.173828125,
            "min": 2018.17138671875,
            "max": 29015.173828125,
            "count": 41
        },
        "EscapeArtist.Environment.LessonNumber.difficulty.mean": {
            "value": 0.0,
            "min": 0.0,
            "max": 0.0,
            "count": 41
        },
        "EscapeArtist.Environment.LessonNumber.difficulty.sum": {
            "value": 0.0,
            "min": 0.0,
            "max": 0.0,
            "count": 41
        },
        "EscapeArtist.Environment.EpisodeLength.mean": {
            "value": 2499.0,
            "min": 849.0,
            "max": 3999.0,
            "count": 41
        },
        "EscapeArtist.Environment.EpisodeLength.sum": {
            "value": 24990.0,
            "min": 849.0,
            "max": 24990.0,
            "count": 41
        },
        "EscapeArtist.IsTraining.mean": {
            "value": 1.0,
            "min": 1.0,
            "max": 1.0,
            "count": 41
        },
        "EscapeArtist.IsTraining.sum": {
            "value": 1.0,
            "min": 1.0,
            "max": 1.0,
            "count": 41
        },
        "EscapeArtist.Step.mean": {
            "value": 32899142.0,
            "min": 32509770.0,
            "max": 32899142.0,
            "count": 40
        },
        "EscapeArtist.Step.sum": {
            "value": 32899142.0,
            "min": 32509770.0,
            "max": 32899142.0,
            "count": 40
        },
        "EscapeArtist.Policy.ExtrinsicBaselineEstimate.mean": {
            "value": 37.7184944152832,
            "min": 31.45457649230957,
            "max": 39.731380462646484,
            "count": 40
        },
        "EscapeArtist.Policy.ExtrinsicBaselineEstimate.sum": {
            "value": 377.1849365234375,
            "min": 314.550537109375,
            "max": 476.7765808105469,
            "count": 40
        },
        "EscapeArtist.Policy.ExtrinsicValueEstimate.mean": {
            "value": 37.7184944152832,
            "min": 31.45457649230957,
            "max": 39.731380462646484,
            "count": 40
        },
        "EscapeArtist.Policy.ExtrinsicValueEstimate.sum": {
            "value": 377.1849365234375,
            "min": 314.550537109375,
            "max": 476.7765808105469,
            "count": 40
        },
        "EscapeArtist.Environment.CumulativeReward.mean": {
            "value": -7.998799592256546,
            "min": -316.1701858441035,
            "max": 223.6538896560669,
            "count": 40
        },
        "EscapeArtist.Environment.CumulativeReward.sum": {
            "value": -15.997599184513092,
            "min": -948.5105575323105,
            "max": 894.6155586242676,
            "count": 40
        },
        "EscapeArtist.Policy.ExtrinsicReward.mean": {
            "value": -19.996997475624084,
            "min": -790.425659497579,
            "max": 559.1347575187683,
            "count": 40
        },
        "EscapeArtist.Policy.ExtrinsicReward.sum": {
            "value": -39.99399495124817,
            "min": -2371.276978492737,
            "max": 2236.5390300750732,
            "count": 40
        },
        "EscapeArtist.Environment.GroupCumulativeReward.mean": {
            "value": 0.0,
            "min": 0.0,
            "max": 0.0,
            "count": 40
        },
        "EscapeArtist.Environment.GroupCumulativeReward.sum": {
            "value": 0.0,
            "min": 0.0,
            "max": 0.0,
            "count": 40
        },
        "EscapeArtist.Losses.PolicyLoss.mean": {
            "value": 0.08107660587259855,
            "min": 0.08107660587259855,
            "max": 0.08107660587259855,
            "count": 1
        },
        "EscapeArtist.Losses.PolicyLoss.sum": {
            "value": 0.08107660587259855,
            "min": 0.08107660587259855,
            "max": 0.08107660587259855,
            "count": 1
        },
        "EscapeArtist.Losses.ValueLoss.mean": {
            "value": 84.31832517147372,
            "min": 84.31832517147372,
            "max": 84.31832517147372,
            "count": 1
        },
        "EscapeArtist.Losses.ValueLoss.sum": {
            "value": 84.31832517147372,
            "min": 84.31832517147372,
            "max": 84.31832517147372,
            "count": 1
        },
        "EscapeArtist.Losses.BaselineLoss.mean": {
            "value": 135.29087295532227,
            "min": 135.29087295532227,
            "max": 135.29087295532227,
            "count": 1
        },
        "EscapeArtist.Losses.BaselineLoss.sum": {
            "value": 135.29087295532227,
            "min": 135.29087295532227,
            "max": 135.29087295532227,
            "count": 1
        },
        "EscapeArtist.Policy.LearningRate.mean": {
            "value": 0.0005000000000000002,
            "min": 0.0005000000000000002,
            "max": 0.0005000000000000002,
            "count": 1
        },
        "EscapeArtist.Policy.LearningRate.sum": {
            "value": 0.0005000000000000002,
            "min": 0.0005000000000000002,
            "max": 0.0005000000000000002,
            "count": 1
        },
        "EscapeArtist.Policy.Epsilon.mean": {
            "value": 0.2,
            "min": 0.2,
            "max": 0.2,
            "count": 1
        },
        "EscapeArtist.Policy.Epsilon.sum": {
            "value": 0.2,
            "min": 0.2,
            "max": 0.2,
            "count": 1
        },
        "EscapeArtist.Policy.Beta.mean": {
            "value": 0.004999999999999999,
            "min": 0.004999999999999999,
            "max": 0.004999999999999999,
            "count": 1
        },
        "EscapeArtist.Policy.Beta.sum": {
            "value": 0.004999999999999999,
            "min": 0.004999999999999999,
            "max": 0.004999999999999999,
            "count": 1
        }
    },
    "metadata": {
        "timer_format_version": "0.1.0",
        "start_time_seconds": "1733996065",
        "python_version": "3.8.20 (default, Oct  3 2024, 15:19:54) [MSC v.1929 64 bit (AMD64)]",
        "command_line_arguments": "C:\\Users\\jmhern0818\\.conda\\envs\\mlagents_cpu\\Scripts\\mlagents-learn config.yaml --run-id=EscapeRoomPOCA_run4 --resume",
        "mlagents_version": "0.30.0",
        "mlagents_envs_version": "0.30.0",
        "communication_protocol_version": "1.5.0",
        "pytorch_version": "2.4.1+cpu",
        "numpy_version": "1.21.2",
        "end_time_seconds": "1733997100"
    },
    "total": 1034.6489092,
    "count": 1,
    "self": 0.004099699999869699,
    "children": {
        "run_training.setup": {
            "total": 0.04803510000000011,
            "count": 1,
            "self": 0.04803510000000011
        },
        "TrainerController.start_learning": {
            "total": 1034.5967744,
            "count": 1,
            "self": 3.7554952000105004,
            "children": {
                "TrainerController._reset_env": {
                    "total": 12.005056999999999,
                    "count": 1,
                    "self": 12.005056999999999
                },
                "TrainerController.advance": {
                    "total": 1018.6682596999893,
                    "count": 208281,
                    "self": 2.142796000013732,
                    "children": {
                        "env_step": {
                            "total": 1016.5254636999756,
                            "count": 208281,
                            "self": 862.1446259999765,
                            "children": {
                                "SubprocessEnvManager._take_step": {
                                    "total": 152.92199270000424,